,filename,missing_dates
0,plant_07.xlsx,2020-05-31
1,plant_07.xlsx,2020-06-01
2,plant_07.xlsx,2020-06-02
3,plant_07.xlsx,2020-06-03
4,plant_07.xlsx,2020-06-04
5,plant_07.xlsx,2020-06-05
6,plant_07.xlsx,2020-06-06
7,plant_07.xlsx,2020-06-07
8,plant_07.xlsx,2020-06-08
9,plant_07.xlsx,2020-06-09
10,plant_07.xlsx,2020-06-10
11,plant_07.xlsx,2020-06-12
12,plant_07.xlsx,2020-06-13
13,plant_07.xlsx,2020-06-14
14,plant_07.xlsx,2020-06-15
15,plant_07.xlsx,2020-06-16
16,plant_07.xlsx,2020-06-17
17,plant_07.xlsx,2020-06-18
0,plant_09.xlsx,2020-08-30
1,plant_09.xlsx,2020-08-31
0,plant_14_01.xlsx,2020-06-20
1,plant_14_01.xlsx,2020-06-21
2,plant_14_01.xlsx,2020-06-22
3,plant_14_01.xlsx,2020-06-23
4,plant_14_01.xlsx,2020-06-24
5,plant_14_01.xlsx,2020-06-25
6,plant_14_01.xlsx,2020-06-26
7,plant_14_01.xlsx,2020-06-27
8,plant_14_01.xlsx,2020-06-28
9,plant_14_01.xlsx,2020-06-29
10,plant_14_01.xlsx,2020-06-30
11,plant_14_01.xlsx,2020-07-01
12,plant_14_01.xlsx,2020-07-02
13,plant_14_01.xlsx,2020-07-03
14,plant_14_01.xlsx,2020-07-04
15,plant_14_01.xlsx,2020-07-05
16,plant_14_01.xlsx,2020-07-06
17,plant_14_01.xlsx,2020-07-07
18,plant_14_01.xlsx,2020-07-08
19,plant_14_01.xlsx,2020-07-09
20,plant_14_01.xlsx,2020-07-10
21,plant_14_01.xlsx,2020-07-11
22,plant_14_01.xlsx,2020-07-12
23,plant_14_01.xlsx,2020-07-13
24,plant_14_01.xlsx,2020-07-14
25,plant_14_01.xlsx,2020-07-15
26,plant_14_01.xlsx,2020-07-16
27,plant_14_01.xlsx,2020-07-17
28,plant_14_01.xlsx,2020-07-18
29,plant_14_01.xlsx,2020-07-19
30,plant_14_01.xlsx,2020-07-20
31,plant_14_01.xlsx,2020-07-21
32,plant_14_01.xlsx,2020-07-22
33,plant_14_01.xlsx,2020-07-23
34,plant_14_01.xlsx,2020-07-24
35,plant_14_01.xlsx,2020-07-25
36,plant_14_01.xlsx,2020-07-26
37,plant_14_01.xlsx,2020-07-27
38,plant_14_01.xlsx,2020-07-28
39,plant_14_01.xlsx,2020-07-29
40,plant_14_01.xlsx,2020-07-30
41,plant_14_01.xlsx,2020-07-31
42,plant_14_01.xlsx,2020-08-01
43,plant_14_01.xlsx,2020-08-02
44,plant_14_01.xlsx,2020-08-03
45,plant_14_01.xlsx,2020-08-04
46,plant_14_01.xlsx,2020-08-05
47,plant_14_01.xlsx,2020-08-06
48,plant_14_01.xlsx,2020-08-07
49,plant_14_01.xlsx,2020-08-08
50,plant_14_01.xlsx,2020-08-09
51,plant_14_01.xlsx,2020-08-10
52,plant_14_01.xlsx,2020-08-11
53,plant_14_01.xlsx,2020-08-12
54,plant_14_01.xlsx,2020-09-17
55,plant_14_01.xlsx,2020-09-18
56,plant_14_01.xlsx,2020-09-19
57,plant_14_01.xlsx,2020-09-20
58,plant_14_01.xlsx,2020-09-21
59,plant_14_01.xlsx,2020-09-22
60,plant_14_01.xlsx,2020-09-23
61,plant_14_01.xlsx,2020-09-24
62,plant_14_01.xlsx,2020-09-25
63,plant_14_01.xlsx,2020-09-26
64,plant_14_01.xlsx,2020-09-27
65,plant_14_01.xlsx,2020-09-28
66,plant_14_01.xlsx,2020-09-29
0,plant_14_02.xlsx,2020-06-20
1,plant_14_02.xlsx,2020-06-21
2,plant_14_02.xlsx,2020-06-22
3,plant_14_02.xlsx,2020-06-23
4,plant_14_02.xlsx,2020-06-24
5,plant_14_02.xlsx,2020-06-25
6,plant_14_02.xlsx,2020-06-26
7,plant_14_02.xlsx,2020-06-27
8,plant_14_02.xlsx,2020-06-28
9,plant_14_02.xlsx,2020-06-29
10,plant_14_02.xlsx,2020-06-30
11,plant_14_02.xlsx,2020-07-01
12,plant_14_02.xlsx,2020-07-02
13,plant_14_02.xlsx,2020-07-03
14,plant_14_02.xlsx,2020-07-04
15,plant_14_02.xlsx,2020-07-05
16,plant_14_02.xlsx,2020-07-06
17,plant_14_02.xlsx,2020-07-07
18,plant_14_02.xlsx,2020-07-08
19,plant_14_02.xlsx,2020-07-09
20,plant_14_02.xlsx,2020-07-10
21,plant_14_02.xlsx,2020-07-11
22,plant_14_02.xlsx,2020-07-12
23,plant_14_02.xlsx,2020-07-13
24,plant_14_02.xlsx,2020-07-14
25,plant_14_02.xlsx,2020-07-15
26,plant_14_02.xlsx,2020-07-16
27,plant_14_02.xlsx,2020-07-17
28,plant_14_02.xlsx,2020-07-18
29,plant_14_02.xlsx,2020-07-19
30,plant_14_02.xlsx,2020-07-20
31,plant_14_02.xlsx,2020-07-21
32,plant_14_02.xlsx,2020-07-22
33,plant_14_02.xlsx,2020-07-23
34,plant_14_02.xlsx,2020-07-24
35,plant_14_02.xlsx,2020-07-25
36,plant_14_02.xlsx,2020-07-26
37,plant_14_02.xlsx,2020-07-27
38,plant_14_02.xlsx,2020-07-28
39,plant_14_02.xlsx,2020-07-29
40,plant_14_02.xlsx,2020-07-30
41,plant_14_02.xlsx,2020-07-31
42,plant_14_02.xlsx,2020-08-01
43,plant_14_02.xlsx,2020-08-02
44,plant_14_02.xlsx,2020-08-03
45,plant_14_02.xlsx,2020-08-04
46,plant_14_02.xlsx,2020-08-05
47,plant_14_02.xlsx,2020-08-06
48,plant_14_02.xlsx,2020-08-07
49,plant_14_02.xlsx,2020-08-08
50,plant_14_02.xlsx,2020-08-09
51,plant_14_02.xlsx,2020-08-10
52,plant_14_02.xlsx,2020-08-11
53,plant_14_02.xlsx,2020-08-12
54,plant_14_02.xlsx,2020-09-17
55,plant_14_02.xlsx,2020-09-18
56,plant_14_02.xlsx,2020-09-19
57,plant_14_02.xlsx,2020-09-20
58,plant_14_02.xlsx,2020-09-21
59,plant_14_02.xlsx,2020-09-22
60,plant_14_02.xlsx,2020-09-23
61,plant_14_02.xlsx,2020-09-24
62,plant_14_02.xlsx,2020-09-25
63,plant_14_02.xlsx,2020-09-26
64,plant_14_02.xlsx,2020-09-27
65,plant_14_02.xlsx,2020-09-28
66,plant_14_02.xlsx,2020-09-29
0,plant_16.xlsx,2020-09-29
1,plant_16.xlsx,2020-09-30
0,plant_17.xlsx,2020-08-25
1,plant_17.xlsx,2020-08-26
2,plant_17.xlsx,2020-08-27
3,plant_17.xlsx,2020-08-28
0,plant_19.xlsx,2020-12-31
0,plant_21_01.xlsx,2020-07-31
1,plant_21_01.xlsx,2020-08-31
2,plant_21_01.xlsx,2020-10-31
3,plant_21_01.xlsx,2020-12-31
0,plant_21_02.xlsx,2020-07-31
1,plant_21_02.xlsx,2020-08-31
2,plant_21_02.xlsx,2020-10-31
3,plant_21_02.xlsx,2020-12-31
0,plant_22_01.xlsx,2020-01-23
1,plant_22_01.xlsx,2020-01-24
2,plant_22_01.xlsx,2020-01-25
3,plant_22_01.xlsx,2020-01-26
4,plant_22_01.xlsx,2020-01-27
5,plant_22_01.xlsx,2020-01-28
6,plant_22_01.xlsx,2020-01-29
7,plant_22_01.xlsx,2020-01-30
8,plant_22_01.xlsx,2020-01-31
9,plant_22_01.xlsx,2020-02-01
10,plant_22_01.xlsx,2020-02-02
11,plant_22_01.xlsx,2020-03-01
12,plant_22_01.xlsx,2020-03-07
13,plant_22_01.xlsx,2020-03-08
14,plant_22_01.xlsx,2020-04-01
15,plant_22_01.xlsx,2020-04-02
16,plant_22_01.xlsx,2020-04-03
17,plant_22_01.xlsx,2020-04-04
18,plant_22_01.xlsx,2020-04-05
19,plant_22_01.xlsx,2020-04-06
20,plant_22_01.xlsx,2020-04-07
21,plant_22_01.xlsx,2020-04-08
22,plant_22_01.xlsx,2020-04-09
23,plant_22_01.xlsx,2020-04-10
24,plant_22_01.xlsx,2020-04-11
25,plant_22_01.xlsx,2020-04-12
26,plant_22_01.xlsx,2020-04-13
27,plant_22_01.xlsx,2020-04-14
28,plant_22_01.xlsx,2020-04-15
29,plant_22_01.xlsx,2020-04-16
30,plant_22_01.xlsx,2020-04-17
31,plant_22_01.xlsx,2020-04-18
32,plant_22_01.xlsx,2020-05-02
33,plant_22_01.xlsx,2020-05-04
34,plant_22_01.xlsx,2020-05-05
35,plant_22_01.xlsx,2020-05-06
36,plant_22_01.xlsx,2020-05-07
37,plant_22_01.xlsx,2020-06-26
38,plant_22_01.xlsx,2020-06-27
39,plant_22_01.xlsx,2020-06-29
40,plant_22_01.xlsx,2020-08-12
41,plant_22_01.xlsx,2020-08-13
42,plant_22_01.xlsx,2020-08-14
43,plant_22_01.xlsx,2020-08-15
44,plant_22_01.xlsx,2020-08-16
45,plant_22_01.xlsx,2020-08-17
46,plant_22_01.xlsx,2020-08-18
47,plant_22_01.xlsx,2020-08-19
48,plant_22_01.xlsx,2020-09-09
49,plant_22_01.xlsx,2020-09-10
50,plant_22_01.xlsx,2020-09-11
51,plant_22_01.xlsx,2020-09-12
52,plant_22_01.xlsx,2020-09-13
53,plant_22_01.xlsx,2020-09-14
54,plant_22_01.xlsx,2020-09-15
55,plant_22_01.xlsx,2020-09-16
56,plant_22_01.xlsx,2020-09-17
57,plant_22_01.xlsx,2020-09-18
58,plant_22_01.xlsx,2020-09-19
59,plant_22_01.xlsx,2020-09-20
60,plant_22_01.xlsx,2020-09-21
61,plant_22_01.xlsx,2020-09-22
62,plant_22_01.xlsx,2020-09-23
63,plant_22_01.xlsx,2020-09-24
64,plant_22_01.xlsx,2020-09-25
65,plant_22_01.xlsx,2020-09-26
66,plant_22_01.xlsx,2020-09-27
67,plant_22_01.xlsx,2020-09-28
68,plant_22_01.xlsx,2020-09-29
69,plant_22_01.xlsx,2020-09-30
70,plant_22_01.xlsx,2020-10-01
71,plant_22_01.xlsx,2020-10-02
72,plant_22_01.xlsx,2020-10-03
73,plant_22_01.xlsx,2020-10-04
74,plant_22_01.xlsx,2020-10-05
75,plant_22_01.xlsx,2020-12-31
0,plant_22_02.xlsx,2020-02-07
1,plant_22_02.xlsx,2020-02-08
2,plant_22_02.xlsx,2020-02-09
3,plant_22_02.xlsx,2020-02-10
4,plant_22_02.xlsx,2020-02-11
5,plant_22_02.xlsx,2020-02-12
6,plant_22_02.xlsx,2020-02-13
7,plant_22_02.xlsx,2020-02-14
8,plant_22_02.xlsx,2020-02-15
9,plant_22_02.xlsx,2020-02-16
10,plant_22_02.xlsx,2020-02-17
11,plant_22_02.xlsx,2020-02-18
12,plant_22_02.xlsx,2020-02-19
13,plant_22_02.xlsx,2020-02-20
14,plant_22_02.xlsx,2020-02-21
15,plant_22_02.xlsx,2020-02-22
16,plant_22_02.xlsx,2020-02-23
17,plant_22_02.xlsx,2020-02-24
18,plant_22_02.xlsx,2020-02-25
19,plant_22_02.xlsx,2020-02-27
20,plant_22_02.xlsx,2020-02-28
21,plant_22_02.xlsx,2020-02-29
22,plant_22_02.xlsx,2020-09-19
23,plant_22_02.xlsx,2020-09-20
24,plant_22_02.xlsx,2020-09-21
25,plant_22_02.xlsx,2020-09-22
26,plant_22_02.xlsx,2020-09-23
27,plant_22_02.xlsx,2020-09-24
28,plant_22_02.xlsx,2020-09-25
29,plant_22_02.xlsx,2020-09-26
30,plant_22_02.xlsx,2020-09-27
31,plant_22_02.xlsx,2020-09-28
32,plant_22_02.xlsx,2020-09-29
33,plant_22_02.xlsx,2020-09-30
34,plant_22_02.xlsx,2020-10-01
35,plant_22_02.xlsx,2020-10-05
36,plant_22_02.xlsx,2020-10-06
37,plant_22_02.xlsx,2020-10-07
38,plant_22_02.xlsx,2020-10-08
39,plant_22_02.xlsx,2020-10-09
40,plant_22_02.xlsx,2020-10-10
41,plant_22_02.xlsx,2020-10-11
42,plant_22_02.xlsx,2020-10-12
43,plant_22_02.xlsx,2020-10-13
44,plant_22_02.xlsx,2020-10-14
45,plant_22_02.xlsx,2020-10-15
46,plant_22_02.xlsx,2020-10-16
47,plant_22_02.xlsx,2020-10-17
48,plant_22_02.xlsx,2020-10-18
49,plant_22_02.xlsx,2020-10-19
50,plant_22_02.xlsx,2020-10-20
51,plant_22_02.xlsx,2020-10-21
52,plant_22_02.xlsx,2020-10-22
53,plant_22_02.xlsx,2020-10-23
54,plant_22_02.xlsx,2020-10-24
55,plant_22_02.xlsx,2020-10-25
0,plant_25.xlsx,2020-12-31
0,plant_26.xlsx,2020-02-29
1,plant_26.xlsx,2020-03-01
2,plant_26.xlsx,2020-05-02
3,plant_26.xlsx,2020-05-03
4,plant_26.xlsx,2020-05-04
5,plant_26.xlsx,2020-05-05
6,plant_26.xlsx,2020-05-06
7,plant_26.xlsx,2020-05-07
8,plant_26.xlsx,2020-05-08
9,plant_26.xlsx,2020-05-09
10,plant_26.xlsx,2020-05-10
11,plant_26.xlsx,2020-05-11
12,plant_26.xlsx,2020-05-12
13,plant_26.xlsx,2020-05-13
14,plant_26.xlsx,2020-10-01
15,plant_26.xlsx,2020-10-02
16,plant_26.xlsx,2020-10-03
0,plant_27_01.xlsx,2020-07-31
1,plant_27_01.xlsx,2020-08-01
2,plant_27_01.xlsx,2020-08-02
3,plant_27_01.xlsx,2020-08-03
4,plant_27_01.xlsx,2020-08-04
5,plant_27_01.xlsx,2020-08-05
6,plant_27_01.xlsx,2020-08-06
7,plant_27_01.xlsx,2020-08-07
8,plant_27_01.xlsx,2020-10-01
9,plant_27_01.xlsx,2020-10-02
10,plant_27_01.xlsx,2020-10-03
11,plant_27_01.xlsx,2020-10-04
12,plant_27_01.xlsx,2020-10-05
13,plant_27_01.xlsx,2020-10-06
14,plant_27_01.xlsx,2020-10-07
15,plant_27_01.xlsx,2020-10-08
16,plant_27_01.xlsx,2020-10-09
17,plant_27_01.xlsx,2020-10-10
0,plant_27_02.xlsx,2020-01-24
1,plant_27_02.xlsx,2020-01-25
2,plant_27_02.xlsx,2020-01-26
3,plant_27_02.xlsx,2020-01-27
4,plant_27_02.xlsx,2020-01-28
5,plant_27_02.xlsx,2020-01-29
6,plant_27_02.xlsx,2020-01-30
7,plant_27_02.xlsx,2020-01-31
8,plant_27_02.xlsx,2020-02-01
9,plant_27_02.xlsx,2020-02-02
10,plant_27_02.xlsx,2020-02-03
11,plant_27_02.xlsx,2020-02-04
12,plant_27_02.xlsx,2020-02-05
13,plant_27_02.xlsx,2020-02-06
14,plant_27_02.xlsx,2020-02-07
15,plant_27_02.xlsx,2020-02-08
16,plant_27_02.xlsx,2020-02-09
17,plant_27_02.xlsx,2020-02-10
18,plant_27_02.xlsx,2020-02-11
19,plant_27_02.xlsx,2020-02-12
20,plant_27_02.xlsx,2020-02-13
21,plant_27_02.xlsx,2020-02-14
22,plant_27_02.xlsx,2020-02-15
23,plant_27_02.xlsx,2020-02-16
24,plant_27_02.xlsx,2020-02-17
25,plant_27_02.xlsx,2020-02-18
26,plant_27_02.xlsx,2020-02-19
27,plant_27_02.xlsx,2020-02-20
28,plant_27_02.xlsx,2020-02-21
29,plant_27_02.xlsx,2020-02-22
30,plant_27_02.xlsx,2020-02-23
31,plant_27_02.xlsx,2020-02-24
32,plant_27_02.xlsx,2020-02-25
33,plant_27_02.xlsx,2020-02-26
34,plant_27_02.xlsx,2020-02-27
35,plant_27_02.xlsx,2020-02-28
36,plant_27_02.xlsx,2020-02-29
37,plant_27_02.xlsx,2020-03-01
38,plant_27_02.xlsx,2020-03-02
39,plant_27_02.xlsx,2020-03-03
40,plant_27_02.xlsx,2020-03-04
41,plant_27_02.xlsx,2020-03-05
42,plant_27_02.xlsx,2020-03-06
43,plant_27_02.xlsx,2020-03-07
44,plant_27_02.xlsx,2020-03-08
45,plant_27_02.xlsx,2020-03-09
46,plant_27_02.xlsx,2020-03-10
47,plant_27_02.xlsx,2020-03-11
48,plant_27_02.xlsx,2020-03-12
0,plant_28_01.xlsx,2020-01-20
1,plant_28_01.xlsx,2020-01-21
2,plant_28_01.xlsx,2020-01-22
3,plant_28_01.xlsx,2020-01-23
4,plant_28_01.xlsx,2020-01-24
5,plant_28_01.xlsx,2020-01-25
6,plant_28_01.xlsx,2020-01-26
7,plant_28_01.xlsx,2020-01-27
8,plant_28_01.xlsx,2020-01-28
9,plant_28_01.xlsx,2020-01-29
10,plant_28_01.xlsx,2020-01-30
11,plant_28_01.xlsx,2020-01-31
12,plant_28_01.xlsx,2020-02-01
13,plant_28_01.xlsx,2020-02-02
14,plant_28_01.xlsx,2020-02-03
15,plant_28_01.xlsx,2020-02-04
16,plant_28_01.xlsx,2020-02-05
17,plant_28_01.xlsx,2020-02-06
18,plant_28_01.xlsx,2020-02-07
19,plant_28_01.xlsx,2020-04-14
20,plant_28_01.xlsx,2020-04-15
21,plant_28_01.xlsx,2020-04-16
22,plant_28_01.xlsx,2020-04-17
23,plant_28_01.xlsx,2020-04-18
24,plant_28_01.xlsx,2020-04-19
25,plant_28_01.xlsx,2020-04-20
26,plant_28_01.xlsx,2020-04-21
27,plant_28_01.xlsx,2020-04-22
28,plant_28_01.xlsx,2020-04-23
29,plant_28_01.xlsx,2020-04-24
30,plant_28_01.xlsx,2020-04-25
31,plant_28_01.xlsx,2020-04-26
32,plant_28_01.xlsx,2020-04-27
33,plant_28_01.xlsx,2020-04-28
34,plant_28_01.xlsx,2020-04-29
35,plant_28_01.xlsx,2020-04-30
36,plant_28_01.xlsx,2020-09-19
37,plant_28_01.xlsx,2020-09-20
38,plant_28_01.xlsx,2020-09-21
39,plant_28_01.xlsx,2020-09-22
40,plant_28_01.xlsx,2020-09-23
41,plant_28_01.xlsx,2020-09-24
42,plant_28_01.xlsx,2020-09-25
43,plant_28_01.xlsx,2020-09-26
44,plant_28_01.xlsx,2020-09-27
45,plant_28_01.xlsx,2020-09-28
46,plant_28_01.xlsx,2020-09-29
47,plant_28_01.xlsx,2020-09-30
48,plant_28_01.xlsx,2020-10-01
49,plant_28_01.xlsx,2020-10-02
50,plant_28_01.xlsx,2020-10-03
51,plant_28_01.xlsx,2020-10-04
52,plant_28_01.xlsx,2020-10-05
0,plant_28_02.xlsx,2020-02-09
1,plant_28_02.xlsx,2020-02-10
2,plant_28_02.xlsx,2020-02-11
3,plant_28_02.xlsx,2020-02-12
4,plant_28_02.xlsx,2020-02-13
5,plant_28_02.xlsx,2020-02-14
6,plant_28_02.xlsx,2020-02-15
7,plant_28_02.xlsx,2020-02-16
8,plant_28_02.xlsx,2020-02-17
9,plant_28_02.xlsx,2020-02-18
10,plant_28_02.xlsx,2020-02-19
11,plant_28_02.xlsx,2020-02-20
12,plant_28_02.xlsx,2020-02-21
13,plant_28_02.xlsx,2020-02-22
14,plant_28_02.xlsx,2020-02-23
15,plant_28_02.xlsx,2020-02-24
16,plant_28_02.xlsx,2020-02-25
17,plant_28_02.xlsx,2020-02-26
18,plant_28_02.xlsx,2020-02-27
19,plant_28_02.xlsx,2020-02-28
20,plant_28_02.xlsx,2020-02-29
21,plant_28_02.xlsx,2020-03-01
22,plant_28_02.xlsx,2020-03-02
23,plant_28_02.xlsx,2020-03-03
24,plant_28_02.xlsx,2020-03-04
25,plant_28_02.xlsx,2020-03-05
26,plant_28_02.xlsx,2020-03-06
27,plant_28_02.xlsx,2020-03-07
28,plant_28_02.xlsx,2020-03-08
29,plant_28_02.xlsx,2020-03-09
30,plant_28_02.xlsx,2020-03-10
31,plant_28_02.xlsx,2020-03-11
32,plant_28_02.xlsx,2020-03-12
33,plant_28_02.xlsx,2020-03-13
34,plant_28_02.xlsx,2020-03-14
35,plant_28_02.xlsx,2020-03-15
36,plant_28_02.xlsx,2020-03-16
37,plant_28_02.xlsx,2020-03-17
38,plant_28_02.xlsx,2020-03-18
39,plant_28_02.xlsx,2020-03-19
40,plant_28_02.xlsx,2020-03-20
41,plant_28_02.xlsx,2020-03-21
42,plant_28_02.xlsx,2020-03-22
43,plant_28_02.xlsx,2020-03-23
44,plant_28_02.xlsx,2020-03-24
45,plant_28_02.xlsx,2020-03-25
46,plant_28_02.xlsx,2020-03-26
47,plant_28_02.xlsx,2020-03-27
48,plant_28_02.xlsx,2020-03-28
49,plant_28_02.xlsx,2020-03-29
50,plant_28_02.xlsx,2020-03-30
51,plant_28_02.xlsx,2020-03-31
52,plant_28_02.xlsx,2020-04-01
53,plant_28_02.xlsx,2020-04-02
54,plant_28_02.xlsx,2020-04-03
55,plant_28_02.xlsx,2020-04-04
56,plant_28_02.xlsx,2020-04-05
57,plant_28_02.xlsx,2020-04-06
58,plant_28_02.xlsx,2020-04-07
59,plant_28_02.xlsx,2020-04-08
60,plant_28_02.xlsx,2020-04-09
61,plant_28_02.xlsx,2020-04-10
62,plant_28_02.xlsx,2020-04-11
63,plant_28_02.xlsx,2020-04-12
64,plant_28_02.xlsx,2020-06-04
65,plant_28_02.xlsx,2020-06-05
66,plant_28_02.xlsx,2020-06-06
67,plant_28_02.xlsx,2020-06-07
68,plant_28_02.xlsx,2020-06-08
69,plant_28_02.xlsx,2020-06-09
70,plant_28_02.xlsx,2020-06-10
71,plant_28_02.xlsx,2020-06-11
72,plant_28_02.xlsx,2020-06-12
73,plant_28_02.xlsx,2020-06-13
74,plant_28_02.xlsx,2020-06-14
75,plant_28_02.xlsx,2020-06-15
76,plant_28_02.xlsx,2020-06-16
77,plant_28_02.xlsx,2020-06-17
78,plant_28_02.xlsx,2020-06-18
79,plant_28_02.xlsx,2020-06-19
80,plant_28_02.xlsx,2020-06-20
81,plant_28_02.xlsx,2020-06-21
82,plant_28_02.xlsx,2020-06-22
83,plant_28_02.xlsx,2020-06-23
84,plant_28_02.xlsx,2020-06-24
85,plant_28_02.xlsx,2020-06-25
86,plant_28_02.xlsx,2020-06-26
87,plant_28_02.xlsx,2020-06-27
88,plant_28_02.xlsx,2020-06-28
89,plant_28_02.xlsx,2020-06-29
90,plant_28_02.xlsx,2020-06-30
91,plant_28_02.xlsx,2020-07-01
92,plant_28_02.xlsx,2020-09-19
93,plant_28_02.xlsx,2020-09-20
94,plant_28_02.xlsx,2020-09-21
95,plant_28_02.xlsx,2020-09-22
96,plant_28_02.xlsx,2020-09-23
97,plant_28_02.xlsx,2020-09-24
98,plant_28_02.xlsx,2020-09-25
99,plant_28_02.xlsx,2020-09-26
100,plant_28_02.xlsx,2020-09-27
101,plant_28_02.xlsx,2020-09-28
102,plant_28_02.xlsx,2020-09-29
103,plant_28_02.xlsx,2020-09-30
104,plant_28_02.xlsx,2020-10-01
105,plant_28_02.xlsx,2020-10-02
106,plant_28_02.xlsx,2020-10-03
107,plant_28_02.xlsx,2020-10-04
108,plant_28_02.xlsx,2020-10-05
109,plant_28_02.xlsx,2020-11-10
110,plant_28_02.xlsx,2020-11-11
111,plant_28_02.xlsx,2020-11-12
112,plant_28_02.xlsx,2020-11-13
113,plant_28_02.xlsx,2020-11-14
114,plant_28_02.xlsx,2020-11-15
115,plant_28_02.xlsx,2020-11-16
116,plant_28_02.xlsx,2020-11-17
0,plant_33_02.xlsx,2020-01-21
1,plant_33_02.xlsx,2020-01-22
2,plant_33_02.xlsx,2020-01-23
3,plant_33_02.xlsx,2020-01-24
4,plant_33_02.xlsx,2020-01-25
5,plant_33_02.xlsx,2020-01-26
6,plant_33_02.xlsx,2020-01-27
7,plant_33_02.xlsx,2020-01-28
8,plant_33_02.xlsx,2020-01-29
9,plant_33_02.xlsx,2020-01-30
10,plant_33_02.xlsx,2020-01-31
11,plant_33_02.xlsx,2020-02-01
12,plant_33_02.xlsx,2020-02-02
13,plant_33_02.xlsx,2020-02-03
14,plant_33_02.xlsx,2020-02-04
15,plant_33_02.xlsx,2020-02-05
16,plant_33_02.xlsx,2020-02-06
17,plant_33_02.xlsx,2020-02-07
18,plant_33_02.xlsx,2020-02-08
19,plant_33_02.xlsx,2020-02-09
20,plant_33_02.xlsx,2020-02-10
21,plant_33_02.xlsx,2020-02-11
22,plant_33_02.xlsx,2020-02-12
23,plant_33_02.xlsx,2020-02-13
24,plant_33_02.xlsx,2020-02-14
25,plant_33_02.xlsx,2020-02-15
26,plant_33_02.xlsx,2020-02-16
27,plant_33_02.xlsx,2020-02-17
28,plant_33_02.xlsx,2020-02-18
29,plant_33_02.xlsx,2020-02-19
30,plant_33_02.xlsx,2020-02-20
31,plant_33_02.xlsx,2020-02-21
32,plant_33_02.xlsx,2020-02-22
33,plant_33_02.xlsx,2020-02-23
